{
  "model": "LogReg",
  "f1_macro": 0.517519387486856,
  "roc_auc": 0.5181970780366264,
  "threshold": 0.5,
  "timestamp": 1759778381
}