{
  "model": "LogReg",
  "f1_macro": 0.5194620423064533,
  "roc_auc": 0.5187131440141826,
  "threshold": 0.5,
  "timestamp": 1759687154
}